exp,id,run,pop,herb,dose,rate,rep,surv,biomass,percent_bio
GH,1,1,A82,atra,0x,0,1,1,3.536,1
GH,2,1,A82,atra,0x,0,2,1,2.446,1
GH,3,1,A82,atra,0x,0,3,1,3.818,1
GH,4,1,A82,atra,0x,0,4,1,2.945,1
GH,5,1,A82,atra,0.015x,17.52,1,1,2.72,0.853668105
GH,6,1,A82,atra,0.015x,17.52,2,1,2.42,0.759513535
GH,7,1,A82,atra,0.015x,17.52,3,1,1.653,0.518791683
GH,8,1,A82,atra,0.015x,17.52,4,1,2.027,0.636171047
GH,9,1,A82,atra,0.031x,35.03,1,1,3.265,1
GH,10,1,A82,atra,0.031x,35.03,2,1,2.626,0.82416634
GH,11,1,A82,atra,0.031x,35.03,3,1,2.477,0.777402903
GH,12,1,A82,atra,0.031x,35.03,4,1,2.685,0.842683405
GH,13,1,A82,atra,0.062x,70.06,1,1,1.35,0.423695567
GH,14,1,A82,atra,0.062x,70.06,2,1,2.773,0.870302079
GH,15,1,A82,atra,0.062x,70.06,3,1,3.134,0.983601412
GH,16,1,A82,atra,0.062x,70.06,4,1,2.384,0.748214986
GH,17,1,A82,atra,0.125x,140.12,1,1,0.901,0.28277756
GH,18,1,A82,atra,0.125x,140.12,2,1,1.011,0.317300902
GH,19,1,A82,atra,0.125x,140.12,3,1,1.233,0.386975284
GH,20,1,A82,atra,0.125x,140.12,4,1,2.235,0.70145155
GH,21,1,A82,atra,0.25x,280.25,1,1,0.778,0.244174186
GH,22,1,A82,atra,0.25x,280.25,2,1,1.466,0.460102001
GH,23,1,A82,atra,0.25x,280.25,3,1,1.229,0.38571989
GH,24,1,A82,atra,0.25x,280.25,4,1,0.419,0.13150255
GH,25,1,A82,atra,0.5x,560.49,1,1,0.132,0.041428011
GH,26,1,A82,atra,0.5x,560.49,2,0,0,0
GH,27,1,A82,atra,0.5x,560.49,3,1,0.769,0.241349549
GH,28,1,A82,atra,0.5x,560.49,4,1,0.584,0.183287564
GH,29,1,A82,atra,1x,1120.99,1,1,1.796,0.563672028
GH,30,1,A82,atra,1x,1120.99,2,0,0,0
GH,31,1,A82,atra,1x,1120.99,3,1,0.151,0.047391134
GH,32,1,A82,atra,1x,1120.99,4,1,1.52,0.477049823
GH,33,1,A82,atra,2x,2241.98,1,1,0.388,0.121773244
GH,34,1,A82,atra,2x,2241.98,2,0,0,0
GH,35,1,A82,atra,2x,2241.98,3,0,0,0
GH,36,1,A82,atra,2x,2241.98,4,0,0,0
GH,37,1,A82,atra,4x,4483.95,1,0,0,0
GH,38,1,A82,atra,4x,4483.95,2,0,0,0
GH,39,1,A82,atra,4x,4483.95,3,0,0,0
GH,40,1,A82,atra,4x,4483.95,4,1,0.808,0.253589643
GH,41,1,A82,atra,8x,8967.9,1,1,0.987,0.309768537
GH,42,1,A82,atra,8x,8967.9,2,0,0,0
GH,43,1,A82,atra,8x,8967.9,3,1,0.087,0.027304825
GH,44,1,A82,atra,8x,8967.9,4,0,0,0
GH,45,1,A82,atra,16x,17935.8,1,0,0,0
GH,46,1,A82,atra,16x,17935.8,2,0,0,0
GH,47,1,A82,atra,16x,17935.8,3,0,0,0
GH,48,1,A82,atra,16x,17935.8,4,1,0.081,0.025421734
GH,49,1,A82,atra+P450,0x,0,1,1,2.827,1
GH,50,1,A82,atra+P450,0x,0,2,1,2.988,1
GH,51,1,A82,atra+P450,0x,0,3,1,2.076,1
GH,52,1,A82,atra+P450,0x,0,4,1,2.869,1
GH,53,1,A82,atra+P450,0.015x,17.52,1,1,2.424,0.901115242
GH,54,1,A82,atra+P450,0.015x,17.52,2,1,2.444,0.908550186
GH,55,1,A82,atra+P450,0.015x,17.52,3,1,1.907,0.708921933
GH,56,1,A82,atra+P450,0.015x,17.52,4,1,2.376,0.883271375
GH,57,1,A82,atra+P450,0.031x,35.03,1,1,1.817,0.675464684
GH,58,1,A82,atra+P450,0.031x,35.03,2,1,2.169,0.806319703
GH,59,1,A82,atra+P450,0.031x,35.03,3,1,2.867,1
GH,60,1,A82,atra+P450,0.031x,35.03,4,1,1.897,0.705204461
GH,61,1,A82,atra+P450,0.062x,70.06,1,1,2.424,0.901115242
GH,62,1,A82,atra+P450,0.062x,70.06,2,1,1.856,0.689962825
GH,63,1,A82,atra+P450,0.062x,70.06,3,1,1.54,0.572490706
GH,64,1,A82,atra+P450,0.062x,70.06,4,1,2.702,1
GH,65,1,A82,atra+P450,0.125x,140.12,1,1,3.089,1
GH,66,1,A82,atra+P450,0.125x,140.12,2,1,1.127,0.418959108
GH,67,1,A82,atra+P450,0.125x,140.12,3,1,3.024,1
GH,68,1,A82,atra+P450,0.125x,140.12,4,1,2.909,1
GH,69,1,A82,atra+P450,0.25x,280.25,1,1,0.243,0.090334572
GH,70,1,A82,atra+P450,0.25x,280.25,2,1,0.85,0.31598513
GH,71,1,A82,atra+P450,0.25x,280.25,3,1,2.551,0.948327138
GH,72,1,A82,atra+P450,0.25x,280.25,4,1,0.593,0.220446097
GH,73,1,A82,atra+P450,0.5x,560.49,1,1,0.372,0.138289963
GH,74,1,A82,atra+P450,0.5x,560.49,2,0,0,0
GH,75,1,A82,atra+P450,0.5x,560.49,3,1,0.895,0.332713755
GH,76,1,A82,atra+P450,0.5x,560.49,4,1,0.232,0.086245353
GH,77,1,A82,atra+P450,1x,1120.99,1,1,0.142,0.052788104
GH,78,1,A82,atra+P450,1x,1120.99,2,1,1.816,0.675092937
GH,79,1,A82,atra+P450,1x,1120.99,3,0,0,0
GH,80,1,A82,atra+P450,1x,1120.99,4,0,0,0
GH,81,1,A82,atra+P450,2x,2241.98,1,0,0,0
GH,82,1,A82,atra+P450,2x,2241.98,2,0,0,0
GH,83,1,A82,atra+P450,2x,2241.98,3,1,0.053,0.019702602
GH,84,1,A82,atra+P450,2x,2241.98,4,0,0,0
GH,85,1,A82,atra+P450,4x,4483.95,1,0,0,0
GH,86,1,A82,atra+P450,4x,4483.95,2,0,0,0
GH,87,1,A82,atra+P450,4x,4483.95,3,0,0,0
GH,88,1,A82,atra+P450,4x,4483.95,4,0,0,0
GH,89,1,A82,atra+P450,8x,8967.9,1,0,0,0
GH,90,1,A82,atra+P450,8x,8967.9,2,0,0,0
GH,91,1,A82,atra+P450,8x,8967.9,3,0,0,0
GH,92,1,A82,atra+P450,8x,8967.9,4,0,0,0
GH,93,1,A82,atra+P450,16x,17935.8,1,0,0,0
GH,94,1,A82,atra+P450,16x,17935.8,2,0,0,0
GH,95,1,A82,atra+P450,16x,17935.8,3,1,0.351,0.130483271
GH,96,1,A82,atra+P450,16x,17935.8,4,0,0,0
GH,97,1,A82,atra+GST,0x,0,1,,,
GH,98,1,A82,atra+GST,0x,0,2,1,2.762,1
GH,99,1,A82,atra+GST,0x,0,3,1,3.999,1
GH,100,1,A82,atra+GST,0x,0,4,1,3.846,1
GH,101,1,A82,atra+GST,0.015x,17.52,1,1,2.476,0.70029226
GH,102,1,A82,atra+GST,0.015x,17.52,2,1,1.451,0.410389366
GH,103,1,A82,atra+GST,0.015x,17.52,3,1,2.562,0.72461582
GH,104,1,A82,atra+GST,0.015x,17.52,4,1,2.772,0.784010559
GH,105,1,A82,atra+GST,0.031x,35.03,1,1,2.099,0.593664561
GH,106,1,A82,atra+GST,0.031x,35.03,2,1,1.88,0.531724333
GH,107,1,A82,atra+GST,0.031x,35.03,3,1,2.681,0.758272839
GH,108,1,A82,atra+GST,0.031x,35.03,4,1,1.344,0.380126332
GH,109,1,A82,atra+GST,0.062x,70.06,1,0,0,0
GH,110,1,A82,atra+GST,0.062x,70.06,2,1,2.307,0.652493636
GH,111,1,A82,atra+GST,0.062x,70.06,3,1,3.216,0.909588008
GH,112,1,A82,atra+GST,0.062x,70.06,4,1,2.072,0.586028095
GH,113,1,A82,atra+GST,0.125x,140.12,1,1,3.753,1
GH,114,1,A82,atra+GST,0.125x,140.12,2,1,1.219,0.34477232
GH,115,1,A82,atra+GST,0.125x,140.12,3,1,1.266,0.358065428
GH,116,1,A82,atra+GST,0.125x,140.12,4,1,1.825,0.516168568
GH,117,1,A82,atra+GST,0.25x,280.25,1,1,1.032,0.291882719
GH,118,1,A82,atra+GST,0.25x,280.25,2,1,1.373,0.388328462
GH,119,1,A82,atra+GST,0.25x,280.25,3,1,2.01,0.568492505
GH,120,1,A82,atra+GST,0.25x,280.25,4,1,1.817,0.513905911
GH,121,1,A82,atra+GST,0.5x,560.49,1,1,0.151,0.042707646
GH,122,1,A82,atra+GST,0.5x,560.49,2,1,0.301,0.08513246
GH,123,1,A82,atra+GST,0.5x,560.49,3,1,1.118,0.316206279
GH,124,1,A82,atra+GST,0.5x,560.49,4,1,1.948,0.550956915
GH,125,1,A82,atra+GST,1x,1120.99,1,0,0,0
GH,126,1,A82,atra+GST,1x,1120.99,2,0,0,0
GH,127,1,A82,atra+GST,1x,1120.99,3,0,0,0
GH,128,1,A82,atra+GST,1x,1120.99,4,0,0,0
GH,129,1,A82,atra+GST,2x,2241.98,1,0,0,0
GH,130,1,A82,atra+GST,2x,2241.98,2,0,0,0
GH,131,1,A82,atra+GST,2x,2241.98,3,1,0.123,0.034788347
GH,132,1,A82,atra+GST,2x,2241.98,4,1,0.425,0.120203639
GH,133,1,A82,atra+GST,4x,4483.95,1,0,0,0
GH,134,1,A82,atra+GST,4x,4483.95,2,0,0,0
GH,135,1,A82,atra+GST,4x,4483.95,3,0,0,0
GH,136,1,A82,atra+GST,4x,4483.95,4,0,0,0
GH,137,1,A82,atra+GST,8x,8967.9,1,0,0,0
GH,138,1,A82,atra+GST,8x,8967.9,2,0,0,0
GH,139,1,A82,atra+GST,8x,8967.9,3,1,1.12,0.316771943
GH,140,1,A82,atra+GST,8x,8967.9,4,0,0,0
GH,141,1,A82,atra+GST,16x,17935.8,1,0,0,0
GH,142,1,A82,atra+GST,16x,17935.8,2,0,0,0
GH,143,1,A82,atra+GST,16x,17935.8,3,0,0,0
GH,144,1,A82,atra+GST,16x,17935.8,4,0,0,0
GH,145,1,A101,atra,0x,0,1,1,2.756,1
GH,146,1,A101,atra,0x,0,2,1,2.018,1
GH,147,1,A101,atra,0x,0,3,1,1.956,1
GH,148,1,A101,atra,0x,0,4,,,
GH,149,1,A101,atra,0.015x,17.52,1,1,2.011,0.896433878
GH,150,1,A101,atra,0.015x,17.52,2,1,1.179,0.525557207
GH,151,1,A101,atra,0.015x,17.52,3,1,1.691,0.753789004
GH,152,1,A101,atra,0.015x,17.52,4,1,3.825,1
GH,153,1,A101,atra,0.031x,35.03,1,1,2.981,1
GH,154,1,A101,atra,0.031x,35.03,2,1,0.604,0.269242199
GH,155,1,A101,atra,0.031x,35.03,3,1,2.891,1
GH,156,1,A101,atra,0.031x,35.03,4,1,1.555,0.693164933
GH,157,1,A101,atra,0.062x,70.06,1,1,1.337,0.595988113
GH,158,1,A101,atra,0.062x,70.06,2,1,1.041,0.464041605
GH,159,1,A101,atra,0.062x,70.06,3,1,2.053,0.915156018
GH,160,1,A101,atra,0.062x,70.06,4,1,1.808,0.805943536
GH,161,1,A101,atra,0.125x,140.12,1,1,2.096,0.934323923
GH,162,1,A101,atra,0.125x,140.12,2,1,1.728,0.770282318
GH,163,1,A101,atra,0.125x,140.12,3,1,2.11,0.940564636
GH,164,1,A101,atra,0.125x,140.12,4,1,3.268,1
GH,165,1,A101,atra,0.25x,280.25,1,1,1.015,0.452451709
GH,166,1,A101,atra,0.25x,280.25,2,1,2.64,1
GH,167,1,A101,atra,0.25x,280.25,3,1,2.185,0.973997028
GH,168,1,A101,atra,0.25x,280.25,4,1,0.121,0.053937593
GH,169,1,A101,atra,0.5x,560.49,1,1,3.087,1
GH,170,1,A101,atra,0.5x,560.49,2,1,2.512,1
GH,171,1,A101,atra,0.5x,560.49,3,0,0,0
GH,172,1,A101,atra,0.5x,560.49,4,0,0,0
GH,173,1,A101,atra,1x,1120.99,1,1,0.988,0.440416048
GH,174,1,A101,atra,1x,1120.99,2,1,0.25,0.111441308
GH,175,1,A101,atra,1x,1120.99,3,0,0,0
GH,176,1,A101,atra,1x,1120.99,4,0,0,0
GH,177,1,A101,atra,2x,2241.98,1,0,0,0
GH,178,1,A101,atra,2x,2241.98,2,0,0,0
GH,179,1,A101,atra,2x,2241.98,3,0,0,0
GH,180,1,A101,atra,2x,2241.98,4,0,0,0
GH,181,1,A101,atra,4x,4483.95,1,0,0,0
GH,182,1,A101,atra,4x,4483.95,2,0,0,0
GH,183,1,A101,atra,4x,4483.95,3,0,0,0
GH,184,1,A101,atra,4x,4483.95,4,0,0,0
GH,185,1,A101,atra,8x,8967.9,1,0,0,0
GH,186,1,A101,atra,8x,8967.9,2,0,0,0
GH,187,1,A101,atra,8x,8967.9,3,0,0,0
GH,188,1,A101,atra,8x,8967.9,4,0,0,0
GH,189,1,A101,atra,16x,17935.8,1,0,0,0
GH,190,1,A101,atra,16x,17935.8,2,0,0,0
GH,191,1,A101,atra,16x,17935.8,3,0,0,0
GH,192,1,A101,atra,16x,17935.8,4,0,0,0
GH,193,1,A101,atra+P450,0x,0,1,1,2.909,1
GH,194,1,A101,atra+P450,0x,0,2,1,1.56,1
GH,195,1,A101,atra+P450,0x,0,3,1,2.21,1
GH,196,1,A101,atra+P450,0x,0,4,1,1.876,1
GH,197,1,A101,atra+P450,0.015x,17.52,1,1,2.231,1
GH,198,1,A101,atra+P450,0.015x,17.52,2,1,1.131,0.528813559
GH,199,1,A101,atra+P450,0.015x,17.52,3,1,1.837,0.858912916
GH,200,1,A101,atra+P450,0.015x,17.52,4,1,1.649,0.771011105
GH,201,1,A101,atra+P450,0.031x,35.03,1,1,1.311,0.612974868
GH,202,1,A101,atra+P450,0.031x,35.03,2,1,0.383,0.179076563
GH,203,1,A101,atra+P450,0.031x,35.03,3,1,1.183,0.553126826
GH,204,1,A101,atra+P450,0.031x,35.03,4,1,1.159,0.541905319
GH,205,1,A101,atra+P450,0.062x,70.06,1,1,0.581,0.271654004
GH,206,1,A101,atra+P450,0.062x,70.06,2,1,0.981,0.458679135
GH,207,1,A101,atra+P450,0.062x,70.06,3,1,1.788,0.836002338
GH,208,1,A101,atra+P450,0.062x,70.06,4,1,2.627,1
GH,209,1,A101,atra+P450,0.125x,140.12,1,1,1.867,0.872939801
GH,210,1,A101,atra+P450,0.125x,140.12,2,1,0.755,0.353009936
GH,211,1,A101,atra+P450,0.125x,140.12,3,1,0.926,0.432963179
GH,212,1,A101,atra+P450,0.125x,140.12,4,1,0.934,0.436703682
GH,213,1,A101,atra+P450,0.25x,280.25,1,0,0,0
GH,214,1,A101,atra+P450,0.25x,280.25,2,1,0.418,0.195441262
GH,215,1,A101,atra+P450,0.25x,280.25,3,1,0.98,0.458211572
GH,216,1,A101,atra+P450,0.25x,280.25,4,1,2.013,0.941203974
GH,217,1,A101,atra+P450,0.5x,560.49,1,1,2.176,1
GH,218,1,A101,atra+P450,0.5x,560.49,2,1,0.096,0.044886032
GH,219,1,A101,atra+P450,0.5x,560.49,3,1,1.289,0.602688486
GH,220,1,A101,atra+P450,0.5x,560.49,4,1,1.188,0.555464641
GH,221,1,A101,atra+P450,1x,1120.99,1,0,0,0
GH,222,1,A101,atra+P450,1x,1120.99,2,0,0,0
GH,223,1,A101,atra+P450,1x,1120.99,3,0,0,0
GH,224,1,A101,atra+P450,1x,1120.99,4,0,0,0
GH,225,1,A101,atra+P450,2x,2241.98,1,1,0.22,0.102863822
GH,226,1,A101,atra+P450,2x,2241.98,2,0,0,0
GH,227,1,A101,atra+P450,2x,2241.98,3,0,0,0
GH,228,1,A101,atra+P450,2x,2241.98,4,1,0.645,0.301578025
GH,229,1,A101,atra+P450,4x,4483.95,1,1,0.855,0.399766219
GH,230,1,A101,atra+P450,4x,4483.95,2,1,0.402,0.187960257
GH,231,1,A101,atra+P450,4x,4483.95,3,0,0,0
GH,232,1,A101,atra+P450,4x,4483.95,4,1,0.309,0.144476914
GH,233,1,A101,atra+P450,8x,8967.9,1,0,0,0
GH,234,1,A101,atra+P450,8x,8967.9,2,1,0.05,0.023378141
GH,235,1,A101,atra+P450,8x,8967.9,3,0,0,0
GH,236,1,A101,atra+P450,8x,8967.9,4,1,0.186,0.086966686
GH,237,1,A101,atra+P450,16x,17935.8,1,1,0.35,0.16364699
GH,238,1,A101,atra+P450,16x,17935.8,2,0,0,0
GH,239,1,A101,atra+P450,16x,17935.8,3,0,0,0
GH,240,1,A101,atra+P450,16x,17935.8,4,1,0.147,0.068731736
GH,241,1,A101,atra+GST,0x,0,1,1,2.281,1
GH,242,1,A101,atra+GST,0x,0,2,1,2.385,1
GH,243,1,A101,atra+GST,0x,0,3,1,2.761,1
GH,244,1,A101,atra+GST,0x,0,4,1,2.748,1
GH,245,1,A101,atra+GST,0.015x,17.52,1,1,2.058,0.809041769
GH,246,1,A101,atra+GST,0.015x,17.52,2,1,1.741,0.684422604
GH,247,1,A101,atra+GST,0.015x,17.52,3,1,1.708,0.671449631
GH,248,1,A101,atra+GST,0.015x,17.52,4,1,1.733,0.681277641
GH,249,1,A101,atra+GST,0.031x,35.03,1,1,1.707,0.671056511
GH,250,1,A101,atra+GST,0.031x,35.03,2,1,2.431,0.955675676
GH,251,1,A101,atra+GST,0.031x,35.03,3,1,1.358,0.533857494
GH,252,1,A101,atra+GST,0.031x,35.03,4,1,2.014,0.791744472
GH,253,1,A101,atra+GST,0.062x,70.06,1,1,0.852,0.334938575
GH,254,1,A101,atra+GST,0.062x,70.06,2,1,1.47,0.577886978
GH,255,1,A101,atra+GST,0.062x,70.06,3,1,1.686,0.662800983
GH,256,1,A101,atra+GST,0.062x,70.06,4,1,2.394,0.941130221
GH,257,1,A101,atra+GST,0.125x,140.12,1,1,1.773,0.697002457
GH,258,1,A101,atra+GST,0.125x,140.12,2,1,0.176,0.069189189
GH,259,1,A101,atra+GST,0.125x,140.12,3,1,1.739,0.683636364
GH,260,1,A101,atra+GST,0.125x,140.12,4,1,2.908,1
GH,261,1,A101,atra+GST,0.25x,280.25,1,1,1.358,0.533857494
GH,262,1,A101,atra+GST,0.25x,280.25,2,1,1.744,0.685601966
GH,263,1,A101,atra+GST,0.25x,280.25,3,1,0.137,0.053857494
GH,264,1,A101,atra+GST,0.25x,280.25,4,1,0.077,0.03027027
GH,265,1,A101,atra+GST,0.5x,560.49,1,0,0,0
GH,266,1,A101,atra+GST,0.5x,560.49,2,1,1.475,0.57985258
GH,267,1,A101,atra+GST,0.5x,560.49,3,1,1.965,0.772481572
GH,268,1,A101,atra+GST,0.5x,560.49,4,1,0.813,0.31960688
GH,269,1,A101,atra+GST,1x,1120.99,1,1,0.806,0.316855037
GH,270,1,A101,atra+GST,1x,1120.99,2,1,1.415,0.556265356
GH,271,1,A101,atra+GST,1x,1120.99,3,0,0,0
GH,272,1,A101,atra+GST,1x,1120.99,4,1,1.082,0.425356265
GH,273,1,A101,atra+GST,2x,2241.98,1,0,0,0
GH,274,1,A101,atra+GST,2x,2241.98,2,0,0,0
GH,275,1,A101,atra+GST,2x,2241.98,3,0,0,0
GH,276,1,A101,atra+GST,2x,2241.98,4,0,0,0
GH,277,1,A101,atra+GST,4x,4483.95,1,0,0,0
GH,278,1,A101,atra+GST,4x,4483.95,2,0,0,0
GH,279,1,A101,atra+GST,4x,4483.95,3,1,0.113,0.044422604
GH,280,1,A101,atra+GST,4x,4483.95,4,1,0.425,0.167076167
GH,281,1,A101,atra+GST,8x,8967.9,1,0,0,0
GH,282,1,A101,atra+GST,8x,8967.9,2,1,0.165,0.064864865
GH,283,1,A101,atra+GST,8x,8967.9,3,1,0.918,0.360884521
GH,284,1,A101,atra+GST,8x,8967.9,4,0,0,0
GH,285,1,A101,atra+GST,16x,17935.8,1,0,0,0
GH,286,1,A101,atra+GST,16x,17935.8,2,0,0,0
GH,287,1,A101,atra+GST,16x,17935.8,3,0,0,0
GH,288,1,A101,atra+GST,16x,17935.8,4,1,0.253,0.099459459
GH,289,1,A103,atra,0x,0,1,1,3.074,1
GH,290,1,A103,atra,0x,0,2,1,2.767,1
GH,291,1,A103,atra,0x,0,3,1,2.17,1
GH,292,1,A103,atra,0x,0,4,1,2.752,1
GH,293,1,A103,atra,0.015x,17.52,1,1,3.58,1
GH,294,1,A103,atra,0.015x,17.52,2,1,2.449,0.910155161
GH,295,1,A103,atra,0.015x,17.52,3,1,4.374,1
GH,296,1,A103,atra,0.015x,17.52,4,1,5.008,1
GH,297,1,A103,atra,0.031x,35.03,1,1,4.416,1
GH,298,1,A103,atra,0.031x,35.03,2,1,3.272,1
GH,299,1,A103,atra,0.031x,35.03,3,1,4.3,1
GH,300,1,A103,atra,0.031x,35.03,4,1,4.745,1
GH,301,1,A103,atra,0.062x,70.06,1,1,1.725,0.641085199
GH,302,1,A103,atra,0.062x,70.06,2,1,2.922,1
GH,303,1,A103,atra,0.062x,70.06,3,1,2.627,0.976307721
GH,304,1,A103,atra,0.062x,70.06,4,1,2.357,0.875963951
GH,305,1,A103,atra,0.125x,140.12,1,0,0,0
GH,306,1,A103,atra,0.125x,140.12,2,1,2.619,0.973334572
GH,307,1,A103,atra,0.125x,140.12,3,1,2.023,0.75183499
GH,308,1,A103,atra,0.125x,140.12,4,1,1.363,0.506550218
GH,309,1,A103,atra,0.25x,280.25,1,1,2.575,0.956982254
GH,310,1,A103,atra,0.25x,280.25,2,1,3.421,1
GH,311,1,A103,atra,0.25x,280.25,3,1,2.557,0.950292669
GH,312,1,A103,atra,0.25x,280.25,4,1,3.349,1
GH,313,1,A103,atra,0.5x,560.49,1,1,2.885,1
GH,314,1,A103,atra,0.5x,560.49,2,1,2.351,0.873734089
GH,315,1,A103,atra,0.5x,560.49,3,1,1.895,0.70426461
GH,316,1,A103,atra,0.5x,560.49,4,1,1.73,0.642943417
GH,317,1,A103,atra,1x,1120.99,1,0,0,0
GH,318,1,A103,atra,1x,1120.99,2,1,2.025,0.752578277
GH,319,1,A103,atra,1x,1120.99,3,1,1.132,0.420700548
GH,320,1,A103,atra,1x,1120.99,4,1,2.388,0.887484902
GH,321,1,A103,atra,2x,2241.98,1,1,0.643,0.238966831
GH,322,1,A103,atra,2x,2241.98,2,1,2.375,0.882653535
GH,323,1,A103,atra,2x,2241.98,3,1,1.071,0.398030289
GH,324,1,A103,atra,2x,2241.98,4,0,0,0
GH,325,1,A103,atra,4x,4483.95,1,1,0.879,0.326674719
GH,326,1,A103,atra,4x,4483.95,2,1,0.346,0.128588683
GH,327,1,A103,atra,4x,4483.95,3,1,1.848,0.686797361
GH,328,1,A103,atra,4x,4483.95,4,1,0.121,0.044968875
GH,329,1,A103,atra,8x,8967.9,1,0,0,0
GH,330,1,A103,atra,8x,8967.9,2,1,0.771,0.286537211
GH,331,1,A103,atra,8x,8967.9,3,1,0.43,0.159806745
GH,332,1,A103,atra,8x,8967.9,4,1,1.078,0.400631794
GH,333,1,A103,atra,16x,17935.8,1,1,1.635,0.607637276
GH,334,1,A103,atra,16x,17935.8,2,1,0.488,0.181362074
GH,335,1,A103,atra,16x,17935.8,3,1,1.685,0.626219456
GH,336,1,A103,atra,16x,17935.8,4,1,1.531,0.568986342
GH,337,1,A103,atra+P450,0x,0,1,1,1.552,1
GH,338,1,A103,atra+P450,0x,0,2,1,3.39,1
GH,339,1,A103,atra+P450,0x,0,3,1,4.515,1
GH,340,1,A103,atra+P450,0x,0,4,1,2.818,1
GH,341,1,A103,atra+P450,0.015x,17.52,1,1,2.25,0.733197556
GH,342,1,A103,atra+P450,0.015x,17.52,2,1,1.538,0.501181263
GH,343,1,A103,atra+P450,0.015x,17.52,3,1,2.44,0.795112016
GH,344,1,A103,atra+P450,0.015x,17.52,4,1,3.13,1
GH,345,1,A103,atra+P450,0.031x,35.03,1,1,2.075,0.676171079
GH,346,1,A103,atra+P450,0.031x,35.03,2,1,1.898,0.618492872
GH,347,1,A103,atra+P450,0.031x,35.03,3,1,4.331,1
GH,348,1,A103,atra+P450,0.031x,35.03,4,1,2.213,0.72114053
GH,349,1,A103,atra+P450,0.062x,70.06,1,1,1.879,0.612301426
GH,350,1,A103,atra+P450,0.062x,70.06,2,1,2.006,0.653686354
GH,351,1,A103,atra+P450,0.062x,70.06,3,1,2.406,0.784032587
GH,352,1,A103,atra+P450,0.062x,70.06,4,1,3.639,1
GH,353,1,A103,atra+P450,0.125x,140.12,1,1,2.444,0.796415479
GH,354,1,A103,atra+P450,0.125x,140.12,2,1,2.812,0.916334012
GH,355,1,A103,atra+P450,0.125x,140.12,3,1,3.836,1
GH,356,1,A103,atra+P450,0.125x,140.12,4,1,2.155,0.702240326
GH,357,1,A103,atra+P450,0.25x,280.25,1,1,2.002,0.652382892
GH,358,1,A103,atra+P450,0.25x,280.25,2,1,1.591,0.518452138
GH,359,1,A103,atra+P450,0.25x,280.25,3,1,1.577,0.51389002
GH,360,1,A103,atra+P450,0.25x,280.25,4,1,1.776,0.578737271
GH,361,1,A103,atra+P450,0.5x,560.49,1,1,3.22,1
GH,362,1,A103,atra+P450,0.5x,560.49,2,1,2.32,0.756008147
GH,363,1,A103,atra+P450,0.5x,560.49,3,1,1.257,0.409613035
GH,364,1,A103,atra+P450,0.5x,560.49,4,1,1.22,0.397556008
GH,365,1,A103,atra+P450,1x,1120.99,1,1,1.349,0.439592668
GH,366,1,A103,atra+P450,1x,1120.99,2,1,1.812,0.590468432
GH,367,1,A103,atra+P450,1x,1120.99,3,1,1.431,0.466313646
GH,368,1,A103,atra+P450,1x,1120.99,4,1,4.393,1
GH,369,1,A103,atra+P450,2x,2241.98,1,1,1.42,0.462729124
GH,370,1,A103,atra+P450,2x,2241.98,2,0,0,0
GH,371,1,A103,atra+P450,2x,2241.98,3,1,0.547,0.178248473
GH,372,1,A103,atra+P450,2x,2241.98,4,1,0.366,0.119266802
GH,373,1,A103,atra+P450,4x,4483.95,1,1,0.828,0.269816701
GH,374,1,A103,atra+P450,4x,4483.95,2,1,0.233,0.07592668
GH,375,1,A103,atra+P450,4x,4483.95,3,1,0.937,0.305336049
GH,376,1,A103,atra+P450,4x,4483.95,4,1,1.029,0.335315682
GH,377,1,A103,atra+P450,8x,8967.9,1,1,1.601,0.521710794
GH,378,1,A103,atra+P450,8x,8967.9,2,0,0,0
GH,379,1,A103,atra+P450,8x,8967.9,3,1,0.21,0.068431772
GH,380,1,A103,atra+P450,8x,8967.9,4,1,1.273,0.414826884
GH,381,1,A103,atra+P450,16x,17935.8,1,1,0.142,0.046272912
GH,382,1,A103,atra+P450,16x,17935.8,2,1,0.238,0.077556008
GH,383,1,A103,atra+P450,16x,17935.8,3,1,1.216,0.396252546
GH,384,1,A103,atra+P450,16x,17935.8,4,0,0,0
GH,385,1,A103,atra+GST,0x,0,1,1,3.89,1
GH,386,1,A103,atra+GST,0x,0,2,1,2.041,1
GH,387,1,A103,atra+GST,0x,0,3,1,3.629,1
GH,388,1,A103,atra+GST,0x,0,4,1,2.295,1
GH,389,1,A103,atra+GST,0.015x,17.52,1,1,1.328,0.448080978
GH,390,1,A103,atra+GST,0.015x,17.52,2,1,2.822,0.952172079
GH,391,1,A103,atra+GST,0.015x,17.52,3,1,3.528,1
GH,392,1,A103,atra+GST,0.015x,17.52,4,1,2.518,0.849599325
GH,393,1,A103,atra+GST,0.031x,35.03,1,1,2.796,0.94339941
GH,394,1,A103,atra+GST,0.031x,35.03,2,1,2.982,1
GH,395,1,A103,atra+GST,0.031x,35.03,3,1,4.701,1
GH,396,1,A103,atra+GST,0.031x,35.03,4,1,2.049,0.691353859
GH,397,1,A103,atra+GST,0.062x,70.06,1,1,3.918,1
GH,398,1,A103,atra+GST,0.062x,70.06,2,1,2.572,0.867819485
GH,399,1,A103,atra+GST,0.062x,70.06,3,1,2.413,0.814171236
GH,400,1,A103,atra+GST,0.062x,70.06,4,1,3.486,1
GH,401,1,A103,atra+GST,0.125x,140.12,1,1,1.585,0.534795445
GH,402,1,A103,atra+GST,0.125x,140.12,2,1,2.381,0.803374104
GH,403,1,A103,atra+GST,0.125x,140.12,3,1,3.317,1
GH,404,1,A103,atra+GST,0.125x,140.12,4,1,2.559,0.863433151
GH,405,1,A103,atra+GST,0.25x,280.25,1,1,2.416,0.815183467
GH,406,1,A103,atra+GST,0.25x,280.25,2,1,2.859,0.964656263
GH,407,1,A103,atra+GST,0.25x,280.25,3,1,2.699,0.910670603
GH,408,1,A103,atra+GST,0.25x,280.25,4,1,3.716,1
GH,409,1,A103,atra+GST,0.5x,560.49,1,1,3.173,1
GH,410,1,A103,atra+GST,0.5x,560.49,2,1,0.37,0.124841839
GH,411,1,A103,atra+GST,0.5x,560.49,3,1,1.934,0.652551666
GH,412,1,A103,atra+GST,0.5x,560.49,4,1,2.235,0.754112189
GH,413,1,A103,atra+GST,1x,1120.99,1,1,2.401,0.810122311
GH,414,1,A103,atra+GST,1x,1120.99,2,1,2.425,0.81822016
GH,415,1,A103,atra+GST,1x,1120.99,3,1,3.102,1
GH,416,1,A103,atra+GST,1x,1120.99,4,1,0.926,0.312442008
GH,417,1,A103,atra+GST,2x,2241.98,1,0,0,0
GH,418,1,A103,atra+GST,2x,2241.98,2,1,1.279,0.43154787
GH,419,1,A103,atra+GST,2x,2241.98,3,1,0.346,0.11674399
GH,420,1,A103,atra+GST,2x,2241.98,4,1,2.73,0.921130325
GH,421,1,A103,atra+GST,4x,4483.95,1,0,0,0
GH,422,1,A103,atra+GST,4x,4483.95,2,1,0.638,0.215267819
GH,423,1,A103,atra+GST,4x,4483.95,3,1,0.91,0.307043442
GH,424,1,A103,atra+GST,4x,4483.95,4,1,2.17,0.732180515
GH,425,1,A103,atra+GST,8x,8967.9,1,1,0.761,0.256769296
GH,426,1,A103,atra+GST,8x,8967.9,2,1,1.185,0.399831295
GH,427,1,A103,atra+GST,8x,8967.9,3,1,1.113,0.375537748
GH,428,1,A103,atra+GST,8x,8967.9,4,1,1.654,0.558076761
GH,429,1,A103,atra+GST,16x,17935.8,1,0,0,0
GH,430,1,A103,atra+GST,16x,17935.8,2,1,0.702,0.236862084
GH,431,1,A103,atra+GST,16x,17935.8,3,0,0,0
GH,432,1,A103,atra+GST,16x,17935.8,4,1,1.128,0.380598903
GH,433,1,A75,atra,0x,0,1,1,2.018,1
GH,434,1,A75,atra,0x,0,2,1,2.016,1
GH,435,1,A75,atra,0x,0,3,1,2.444,1
GH,436,1,A75,atra,0x,0,4,1,1.358,1
GH,437,1,A75,atra,0.015x,17.52,1,1,3.473,1
GH,438,1,A75,atra,0.015x,17.52,2,1,2.893,1
GH,439,1,A75,atra,0.015x,17.52,3,1,3.543,1
GH,440,1,A75,atra,0.015x,17.52,4,1,1.988,1
GH,441,1,A75,atra,0.031x,35.03,1,1,3.311,1
GH,442,1,A75,atra,0.031x,35.03,2,0,0,0
GH,443,1,A75,atra,0.031x,35.03,3,1,2.99,1
GH,444,1,A75,atra,0.031x,35.03,4,1,3.777,1
GH,445,1,A75,atra,0.062x,70.06,1,1,2.651,1
GH,446,1,A75,atra,0.062x,70.06,2,1,2.181,1
GH,447,1,A75,atra,0.062x,70.06,3,1,3.274,1
GH,448,1,A75,atra,0.062x,70.06,4,1,2.383,1
GH,449,1,A75,atra,0.125x,140.12,1,1,2.882,1
GH,450,1,A75,atra,0.125x,140.12,2,1,1.811,0.924451251
GH,451,1,A75,atra,0.125x,140.12,3,1,1.262,0.644206228
GH,452,1,A75,atra,0.125x,140.12,4,1,0.187,0.095456866
GH,453,1,A75,atra,0.25x,280.25,1,1,2.415,1
GH,454,1,A75,atra,0.25x,280.25,2,1,0.313,0.159775396
GH,455,1,A75,atra,0.25x,280.25,3,1,2.289,1
GH,456,1,A75,atra,0.25x,280.25,4,1,1.978,1
GH,457,1,A75,atra,0.5x,560.49,1,0,0,0
GH,458,1,A75,atra,0.5x,560.49,2,1,2.382,1
GH,459,1,A75,atra,0.5x,560.49,3,1,2.804,1
GH,460,1,A75,atra,0.5x,560.49,4,1,1.734,0.885145482
GH,461,1,A75,atra,1x,1120.99,1,1,1.171,0.597753956
GH,462,1,A75,atra,1x,1120.99,2,1,3.032,1
GH,463,1,A75,atra,1x,1120.99,3,1,2.436,1
GH,464,1,A75,atra,1x,1120.99,4,0,0,0
GH,465,1,A75,atra,2x,2241.98,1,1,1.222,0.623787647
GH,466,1,A75,atra,2x,2241.98,2,0,0,0
GH,467,1,A75,atra,2x,2241.98,3,0,0,0
GH,468,1,A75,atra,2x,2241.98,4,1,0.459,0.234303216
GH,469,1,A75,atra,4x,4483.95,1,0,0,0
GH,470,1,A75,atra,4x,4483.95,2,0,0,0
GH,471,1,A75,atra,4x,4483.95,3,1,0.153,0.078101072
GH,472,1,A75,atra,4x,4483.95,4,1,1.22,0.622766718
GH,473,1,A75,atra,8x,8967.9,1,0,0,0
GH,474,1,A75,atra,8x,8967.9,2,0,0,0
GH,475,1,A75,atra,8x,8967.9,3,1,1.3,0.66360388
GH,476,1,A75,atra,8x,8967.9,4,1,0.63,0.321592649
GH,477,1,A75,atra,16x,17935.8,1,0,0,0
GH,478,1,A75,atra,16x,17935.8,2,1,0.676,0.345074017
GH,479,1,A75,atra,16x,17935.8,3,1,0.515,0.262889229
GH,480,1,A75,atra,16x,17935.8,4,1,0.175,0.089331291
GH,481,1,A75,atra+P450,0x,0,1,1,2.201,1
GH,482,1,A75,atra+P450,0x,0,2,1,1.916,1
GH,483,1,A75,atra+P450,0x,0,3,1,2.168,1
GH,484,1,A75,atra+P450,0x,0,4,1,1.825,1
GH,485,1,A75,atra+P450,0.015x,17.52,1,1,3.045,1
GH,486,1,A75,atra+P450,0.015x,17.52,2,1,1.602,0.790135635
GH,487,1,A75,atra+P450,0.015x,17.52,3,1,2.132,1
GH,488,1,A75,atra+P450,0.015x,17.52,4,1,2.689,1
GH,489,1,A75,atra+P450,0.031x,35.03,1,1,1.696,0.83649815
GH,490,1,A75,atra+P450,0.031x,35.03,2,1,2.249,1
GH,491,1,A75,atra+P450,0.031x,35.03,3,1,1.906,0.940073983
GH,492,1,A75,atra+P450,0.031x,35.03,4,1,2.519,1
GH,493,1,A75,atra+P450,0.062x,70.06,1,1,3.481,1
GH,494,1,A75,atra+P450,0.062x,70.06,2,1,2.587,1
GH,495,1,A75,atra+P450,0.062x,70.06,3,1,2.666,1
GH,496,1,A75,atra+P450,0.062x,70.06,4,1,3.129,1
GH,497,1,A75,atra+P450,0.125x,140.12,1,1,1.017,0.501602959
GH,498,1,A75,atra+P450,0.125x,140.12,2,1,2.235,1
GH,499,1,A75,atra+P450,0.125x,140.12,3,1,2.456,1
GH,500,1,A75,atra+P450,0.125x,140.12,4,1,0.788,0.38865598
GH,501,1,A75,atra+P450,0.25x,280.25,1,1,2.073,1
GH,502,1,A75,atra+P450,0.25x,280.25,2,0,0,0
GH,503,1,A75,atra+P450,0.25x,280.25,3,1,1.125,0.55487053
GH,504,1,A75,atra+P450,0.25x,280.25,4,1,1.981,0.977065351
GH,505,1,A75,atra+P450,0.5x,560.49,1,1,0.77,0.379778052
GH,506,1,A75,atra+P450,0.5x,560.49,2,1,1.513,0.746239211
GH,507,1,A75,atra+P450,0.5x,560.49,3,0,0,0
GH,508,1,A75,atra+P450,0.5x,560.49,4,1,0.096,0.047348952
GH,509,1,A75,atra+P450,1x,1120.99,1,1,0.513,0.253020962
GH,510,1,A75,atra+P450,1x,1120.99,2,0,0,0
GH,511,1,A75,atra+P450,1x,1120.99,3,1,2.388,1
GH,512,1,A75,atra+P450,1x,1120.99,4,1,0.26,0.128236745
GH,513,1,A75,atra+P450,2x,2241.98,1,0,0,0
GH,514,1,A75,atra+P450,2x,2241.98,2,1,0.969,0.477928483
GH,515,1,A75,atra+P450,2x,2241.98,3,1,1.024,0.505055487
GH,516,1,A75,atra+P450,2x,2241.98,4,1,1.509,0.744266338
GH,517,1,A75,atra+P450,4x,4483.95,1,1,0.904,0.445869297
GH,518,1,A75,atra+P450,4x,4483.95,2,1,1.399,0.69001233
GH,519,1,A75,atra+P450,4x,4483.95,3,0,0,0
GH,520,1,A75,atra+P450,4x,4483.95,4,0,0,0
GH,521,1,A75,atra+P450,8x,8967.9,1,0,0,0
GH,522,1,A75,atra+P450,8x,8967.9,2,0,0,0
GH,523,1,A75,atra+P450,8x,8967.9,3,1,0.118,0.058199753
GH,524,1,A75,atra+P450,8x,8967.9,4,1,0.08,0.03945746
GH,525,1,A75,atra+P450,16x,17935.8,1,0,0,0
GH,526,1,A75,atra+P450,16x,17935.8,2,1,0.151,0.074475956
GH,527,1,A75,atra+P450,16x,17935.8,3,1,0.152,0.074969174
GH,528,1,A75,atra+P450,16x,17935.8,4,0,0,0
GH,529,1,A75,atra+GST,0x,0,1,1,2.979,1
GH,530,1,A75,atra+GST,0x,0,2,1,3.661,1
GH,531,1,A75,atra+GST,0x,0,3,1,2.157,1
GH,532,1,A75,atra+GST,0x,0,4,1,2.577,1
GH,533,1,A75,atra+GST,0.015x,17.52,1,1,1.332,0.468436786
GH,534,1,A75,atra+GST,0.015x,17.52,2,1,2.255,0.79303675
GH,535,1,A75,atra+GST,0.015x,17.52,3,1,3.423,1
GH,536,1,A75,atra+GST,0.015x,17.52,4,1,2.892,1
GH,537,1,A75,atra+GST,0.031x,35.03,1,1,2.341,0.823281168
GH,538,1,A75,atra+GST,0.031x,35.03,2,1,1.73,0.608405135
GH,539,1,A75,atra+GST,0.031x,35.03,3,1,1.731,0.608756814
GH,540,1,A75,atra+GST,0.031x,35.03,4,1,2.609,0.917531212
GH,541,1,A75,atra+GST,0.062x,70.06,1,1,3.054,1
GH,542,1,A75,atra+GST,0.062x,70.06,2,1,2.323,0.816950941
GH,543,1,A75,atra+GST,0.062x,70.06,3,1,1.899,0.667838931
GH,544,1,A75,atra+GST,0.062x,70.06,4,1,1.501,0.527870582
GH,545,1,A75,atra+GST,0.125x,140.12,1,1,4.227,1
GH,546,1,A75,atra+GST,0.125x,140.12,2,1,2.911,1
GH,547,1,A75,atra+GST,0.125x,140.12,3,1,2.338,0.82222613
GH,548,1,A75,atra+GST,0.125x,140.12,4,1,2.705,0.951292421
GH,549,1,A75,atra+GST,0.25x,280.25,1,1,2.027,0.712853877
GH,550,1,A75,atra+GST,0.25x,280.25,2,1,0.526,0.184983295
GH,551,1,A75,atra+GST,0.25x,280.25,3,1,2.605,0.916124494
GH,552,1,A75,atra+GST,0.25x,280.25,4,1,0.291,0.102338667
GH,553,1,A75,atra+GST,0.5x,560.49,1,1,2.345,0.824687885
GH,554,1,A75,atra+GST,0.5x,560.49,2,1,1.318,0.463513276
GH,555,1,A75,atra+GST,0.5x,560.49,3,1,0.408,0.143485142
GH,556,1,A75,atra+GST,0.5x,560.49,4,1,2.8,0.984701952
GH,557,1,A75,atra+GST,1x,1120.99,1,1,2.631,0.925268155
GH,558,1,A75,atra+GST,1x,1120.99,2,1,3.065,1
GH,559,1,A75,atra+GST,1x,1120.99,3,1,2.196,0.772287674
GH,560,1,A75,atra+GST,1x,1120.99,4,1,2.244,0.789168279
GH,561,1,A75,atra+GST,2x,2241.98,1,1,0.331,0.116405838
GH,562,1,A75,atra+GST,2x,2241.98,2,1,0.569,0.200105504
GH,563,1,A75,atra+GST,2x,2241.98,3,1,0.717,0.252154036
GH,564,1,A75,atra+GST,2x,2241.98,4,1,1.454,0.511341656
GH,565,1,A75,atra+GST,4x,4483.95,1,1,0.089,0.031299455
GH,566,1,A75,atra+GST,4x,4483.95,2,0,0,0
GH,567,1,A75,atra+GST,4x,4483.95,3,1,0.168,0.059082117
GH,568,1,A75,atra+GST,4x,4483.95,4,0,0,0
GH,569,1,A75,atra+GST,8x,8967.9,1,1,0.499,0.175487955
GH,570,1,A75,atra+GST,8x,8967.9,2,0,0,0
GH,571,1,A75,atra+GST,8x,8967.9,3,0,0,0
GH,572,1,A75,atra+GST,8x,8967.9,4,1,0.241,0.084754704
GH,573,1,A75,atra+GST,16x,17935.8,1,0,0,0
GH,574,1,A75,atra+GST,16x,17935.8,2,0,0,0
GH,575,1,A75,atra+GST,16x,17935.8,3,1,0.452,0.158959029
GH,576,1,A75,atra+GST,16x,17935.8,4,1,1.065,0.374538421
GH,1,2,A82,atra,0x,0,1,1,3.393,1
GH,2,2,A82,atra,0x,0,2,1,2.055,1
GH,3,2,A82,atra,0x,0,3,1,2.976,1
GH,4,2,A82,atra,0x,0,4,1,2.656,1
GH,5,2,A82,atra,0.015x,17.52,1,1,2.807,1
GH,6,2,A82,atra,0.015x,17.52,2,1,3.181,1
GH,7,2,A82,atra,0.015x,17.52,3,1,2.763,0.997472924
GH,8,2,A82,atra,0.015x,17.52,4,1,3.649,1
GH,9,2,A82,atra,0.031x,35.03,1,1,0.903,0.32599278
GH,10,2,A82,atra,0.031x,35.03,2,1,1.948,0.703249097
GH,11,2,A82,atra,0.031x,35.03,3,1,3.797,1
GH,12,2,A82,atra,0.031x,35.03,4,1,2.311,0.834296029
GH,13,2,A82,atra,0.062x,70.06,1,1,1.938,0.699638989
GH,14,2,A82,atra,0.062x,70.06,2,1,4.342,1
GH,15,2,A82,atra,0.062x,70.06,3,1,1.783,0.64368231
GH,16,2,A82,atra,0.062x,70.06,4,1,1.58,0.570397112
GH,17,2,A82,atra,0.125x,140.12,1,1,0.172,0.062093863
GH,18,2,A82,atra,0.125x,140.12,2,1,1.415,0.510830325
GH,19,2,A82,atra,0.125x,140.12,3,1,1.513,0.546209386
GH,20,2,A82,atra,0.125x,140.12,4,1,1.132,0.40866426
GH,21,2,A82,atra,0.25x,280.25,1,0,0,0
GH,22,2,A82,atra,0.25x,280.25,2,1,0.089,0.032129964
GH,23,2,A82,atra,0.25x,280.25,3,1,3.556,1
GH,24,2,A82,atra,0.25x,280.25,4,1,3.154,1
GH,25,2,A82,atra,0.5x,560.49,1,0,0,0
GH,26,2,A82,atra,0.5x,560.49,2,1,0.052,0.018772563
GH,27,2,A82,atra,0.5x,560.49,3,0,0,0
GH,28,2,A82,atra,0.5x,560.49,4,1,1.354,0.488808664
GH,29,2,A82,atra,1x,1120.99,1,1,0.034,0.012274368
GH,30,2,A82,atra,1x,1120.99,2,0,0,0
GH,31,2,A82,atra,1x,1120.99,3,0,0,0
GH,32,2,A82,atra,1x,1120.99,4,0,0,0
GH,33,2,A82,atra,2x,2241.98,1,0,0,0
GH,34,2,A82,atra,2x,2241.98,2,0,0,0
GH,35,2,A82,atra,2x,2241.98,3,0,0,0
GH,36,2,A82,atra,2x,2241.98,4,1,1.973,0.712274368
GH,37,2,A82,atra,4x,4483.95,1,0,0,0
GH,38,2,A82,atra,4x,4483.95,2,1,0.861,0.310830325
GH,39,2,A82,atra,4x,4483.95,3,0,0,0
GH,40,2,A82,atra,4x,4483.95,4,0,0,0
GH,41,2,A82,atra,8x,8967.9,1,0,0,0
GH,42,2,A82,atra,8x,8967.9,2,0,0,0
GH,43,2,A82,atra,8x,8967.9,3,0,0,0
GH,44,2,A82,atra,8x,8967.9,4,0,0,0
GH,45,2,A82,atra,16x,17935.8,1,0,0,0
GH,46,2,A82,atra,16x,17935.8,2,0,0,0
GH,47,2,A82,atra,16x,17935.8,3,0,0,0
GH,48,2,A82,atra,16x,17935.8,4,1,0.066,0.023826715
GH,49,2,A82,atra+P450,0x,0,1,1,3.649,1
GH,50,2,A82,atra+P450,0x,0,2,1,3.618,1
GH,51,2,A82,atra+P450,0x,0,3,1,4.266,1
GH,52,2,A82,atra+P450,0x,0,4,1,3.663,1
GH,53,2,A82,atra+P450,0.015x,17.52,1,1,2.413,0.635167149
GH,54,2,A82,atra+P450,0.015x,17.52,2,1,1.818,0.478546986
GH,55,2,A82,atra+P450,0.015x,17.52,3,1,2.854,0.751250329
GH,56,2,A82,atra+P450,0.015x,17.52,4,1,1.964,0.516978152
GH,57,2,A82,atra+P450,0.031x,35.03,1,1,2.031,0.534614372
GH,58,2,A82,atra+P450,0.031x,35.03,2,1,0.774,0.203737826
GH,59,2,A82,atra+P450,0.031x,35.03,3,1,3.948,1
GH,60,2,A82,atra+P450,0.031x,35.03,4,1,3.959,1
GH,61,2,A82,atra+P450,0.062x,70.06,1,1,1.269,0.334035272
GH,62,2,A82,atra+P450,0.062x,70.06,2,1,1.578,0.415372466
GH,63,2,A82,atra+P450,0.062x,70.06,3,1,1.458,0.383785207
GH,64,2,A82,atra+P450,0.062x,70.06,4,1,1.415,0.372466439
GH,65,2,A82,atra+P450,0.125x,140.12,1,1,1.221,0.321400369
GH,66,2,A82,atra+P450,0.125x,140.12,2,1,0.205,0.053961569
GH,67,2,A82,atra+P450,0.125x,140.12,3,1,0.746,0.196367465
GH,68,2,A82,atra+P450,0.125x,140.12,4,1,0.421,0.110818636
GH,69,2,A82,atra+P450,0.25x,280.25,1,0,0,0
GH,70,2,A82,atra+P450,0.25x,280.25,2,1,0.092,0.024216899
GH,71,2,A82,atra+P450,0.25x,280.25,3,1,0.592,0.155830482
GH,72,2,A82,atra+P450,0.25x,280.25,4,1,0.177,0.046591208
GH,73,2,A82,atra+P450,0.5x,560.49,1,0,0,0
GH,74,2,A82,atra+P450,0.5x,560.49,2,0,0,0
GH,75,2,A82,atra+P450,0.5x,560.49,3,0,0,0
GH,76,2,A82,atra+P450,0.5x,560.49,4,0,0,0
GH,77,2,A82,atra+P450,1x,1120.99,1,1,2.871,0.755725191
GH,78,2,A82,atra+P450,1x,1120.99,2,0,0,0
GH,79,2,A82,atra+P450,1x,1120.99,3,0,0,0
GH,80,2,A82,atra+P450,1x,1120.99,4,0,0,0
GH,81,2,A82,atra+P450,2x,2241.98,1,0,0,0
GH,82,2,A82,atra+P450,2x,2241.98,2,1,0.182,0.047907344
GH,83,2,A82,atra+P450,2x,2241.98,3,0,0,0
GH,84,2,A82,atra+P450,2x,2241.98,4,0,0,0
GH,85,2,A82,atra+P450,4x,4483.95,1,0,0,0
GH,86,2,A82,atra+P450,4x,4483.95,2,1,0.488,0.128454857
GH,87,2,A82,atra+P450,4x,4483.95,3,0,0,0
GH,88,2,A82,atra+P450,4x,4483.95,4,1,0.546,0.143722032
GH,89,2,A82,atra+P450,8x,8967.9,1,0,0,0
GH,90,2,A82,atra+P450,8x,8967.9,2,0,0,0
GH,91,2,A82,atra+P450,8x,8967.9,3,0,0,0
GH,92,2,A82,atra+P450,8x,8967.9,4,0,0,0
GH,93,2,A82,atra+P450,16x,17935.8,1,0,0,0
GH,94,2,A82,atra+P450,16x,17935.8,2,0,0,0
GH,95,2,A82,atra+P450,16x,17935.8,3,0,0,0
GH,96,2,A82,atra+P450,16x,17935.8,4,0,0,0
GH,97,2,A82,atra+GST,0x,0,1,1,2.577,1
GH,98,2,A82,atra+GST,0x,0,2,,,
GH,99,2,A82,atra+GST,0x,0,3,1,2.517,1
GH,100,2,A82,atra+GST,0x,0,4,1,2.685,1
GH,101,2,A82,atra+GST,0.015x,17.52,1,1,1.432,0.552256074
GH,102,2,A82,atra+GST,0.015x,17.52,2,1,1.842,0.710374084
GH,103,2,A82,atra+GST,0.015x,17.52,3,1,2.87,1
GH,104,2,A82,atra+GST,0.015x,17.52,4,1,3.128,1
GH,105,2,A82,atra+GST,0.031x,35.03,1,1,2.132,0.822213652
GH,106,2,A82,atra+GST,0.031x,35.03,2,1,2.799,1
GH,107,2,A82,atra+GST,0.031x,35.03,3,1,2.095,0.807944466
GH,108,2,A82,atra+GST,0.031x,35.03,4,1,2.921,1
GH,109,2,A82,atra+GST,0.062x,70.06,1,1,2.493,0.961434632
GH,110,2,A82,atra+GST,0.062x,70.06,2,1,2.882,1
GH,111,2,A82,atra+GST,0.062x,70.06,3,1,2.048,0.789818743
GH,112,2,A82,atra+GST,0.062x,70.06,4,1,1.322,0.509834169
GH,113,2,A82,atra+GST,0.125x,140.12,1,1,1.248,0.481295796
GH,114,2,A82,atra+GST,0.125x,140.12,2,1,0.766,0.295410721
GH,115,2,A82,atra+GST,0.125x,140.12,3,1,1.494,0.576166602
GH,116,2,A82,atra+GST,0.125x,140.12,4,1,1.525,0.588121867
GH,117,2,A82,atra+GST,0.25x,280.25,1,1,0.465,0.179328963
GH,118,2,A82,atra+GST,0.25x,280.25,2,1,0.054,0.020825299
GH,119,2,A82,atra+GST,0.25x,280.25,3,1,0.378,0.145777092
GH,120,2,A82,atra+GST,0.25x,280.25,4,1,1.242,0.478981874
GH,121,2,A82,atra+GST,0.5x,560.49,1,1,3.823,1
GH,122,2,A82,atra+GST,0.5x,560.49,2,1,0.301,0.116081759
GH,123,2,A82,atra+GST,0.5x,560.49,3,1,2.385,0.919784034
GH,124,2,A82,atra+GST,0.5x,560.49,4,1,0.158,0.060933282
GH,125,2,A82,atra+GST,1x,1120.99,1,1,1.568,0.604704975
GH,126,2,A82,atra+GST,1x,1120.99,2,0,0,0
GH,127,2,A82,atra+GST,1x,1120.99,3,0,0,0
GH,128,2,A82,atra+GST,1x,1120.99,4,0,0,0
GH,129,2,A82,atra+GST,2x,2241.98,1,0,0,0
GH,130,2,A82,atra+GST,2x,2241.98,2,1,0.171,0.06594678
GH,131,2,A82,atra+GST,2x,2241.98,3,0,0,0
GH,132,2,A82,atra+GST,2x,2241.98,4,0,0,0
GH,133,2,A82,atra+GST,4x,4483.95,1,0,0,0
GH,134,2,A82,atra+GST,4x,4483.95,2,0,0,0
GH,135,2,A82,atra+GST,4x,4483.95,3,1,0.547,0.210952565
GH,136,2,A82,atra+GST,4x,4483.95,4,0,0,0
GH,137,2,A82,atra+GST,8x,8967.9,1,0,0,0
GH,138,2,A82,atra+GST,8x,8967.9,2,0,0,0
GH,139,2,A82,atra+GST,8x,8967.9,3,0,0,0
GH,140,2,A82,atra+GST,8x,8967.9,4,0,0,0
GH,141,2,A82,atra+GST,16x,17935.8,1,0,0,0
GH,142,2,A82,atra+GST,16x,17935.8,2,0,0,0
GH,143,2,A82,atra+GST,16x,17935.8,3,0,0,0
GH,144,2,A82,atra+GST,16x,17935.8,4,0,0,0
GH,145,2,A101,atra,0x,0,1,1,2.749,1
GH,146,2,A101,atra,0x,0,2,1,2.494,1
GH,147,2,A101,atra,0x,0,3,1,4.109,1
GH,148,2,A101,atra,0x,0,4,1,3.037,1
GH,149,2,A101,atra,0.015x,17.52,1,1,2.234,0.721285011
GH,150,2,A101,atra,0.015x,17.52,2,1,3.795,1
GH,151,2,A101,atra,0.015x,17.52,3,1,3.838,1
GH,152,2,A101,atra,0.015x,17.52,4,1,3.166,1
GH,153,2,A101,atra,0.031x,35.03,1,1,2.314,0.747114376
GH,154,2,A101,atra,0.031x,35.03,2,1,2.568,0.829122609
GH,155,2,A101,atra,0.031x,35.03,3,1,2.206,0.712244733
GH,156,2,A101,atra,0.031x,35.03,4,1,2.884,0.9311486
GH,157,2,A101,atra,0.062x,70.06,1,1,1.784,0.575994834
GH,158,2,A101,atra,0.062x,70.06,2,1,0.608,0.196303172
GH,159,2,A101,atra,0.062x,70.06,3,1,2.933,0.946969085
GH,160,2,A101,atra,0.062x,70.06,4,1,2.333,0.75324885
GH,161,2,A101,atra,0.125x,140.12,1,1,2.925,0.944386149
GH,162,2,A101,atra,0.125x,140.12,2,1,2.218,0.716119138
GH,163,2,A101,atra,0.125x,140.12,3,1,3.003,0.96956978
GH,164,2,A101,atra,0.125x,140.12,4,1,3.492,1
GH,165,2,A101,atra,0.25x,280.25,1,1,2.045,0.660263137
GH,166,2,A101,atra,0.25x,280.25,2,1,2.915,0.941157478
GH,167,2,A101,atra,0.25x,280.25,3,1,0.181,0.058438938
GH,168,2,A101,atra,0.25x,280.25,4,1,3.099,1
GH,169,2,A101,atra,0.5x,560.49,1,0,0,0
GH,170,2,A101,atra,0.5x,560.49,2,1,2.108,0.680603761
GH,171,2,A101,atra,0.5x,560.49,3,1,1.39,0.448785213
GH,172,2,A101,atra,0.5x,560.49,4,0,0,0
GH,173,2,A101,atra,1x,1120.99,1,1,2.011,0.649285657
GH,174,2,A101,atra,1x,1120.99,2,1,2.133,0.688675438
GH,175,2,A101,atra,1x,1120.99,3,1,1.314,0.424247316
GH,176,2,A101,atra,1x,1120.99,4,1,1.699,0.548551134
GH,177,2,A101,atra,2x,2241.98,1,0,0,0
GH,178,2,A101,atra,2x,2241.98,2,0,0,0
GH,179,2,A101,atra,2x,2241.98,3,0,0,0
GH,180,2,A101,atra,2x,2241.98,4,0,0,0
GH,181,2,A101,atra,4x,4483.95,1,0,0,0
GH,182,2,A101,atra,4x,4483.95,2,1,0.658,0.212446525
GH,183,2,A101,atra,4x,4483.95,3,0,0,0
GH,184,2,A101,atra,4x,4483.95,4,0,0,0
GH,185,2,A101,atra,8x,8967.9,1,0,0,0
GH,186,2,A101,atra,8x,8967.9,2,1,1.743,0.562757285
GH,187,2,A101,atra,8x,8967.9,3,0,0,0
GH,188,2,A101,atra,8x,8967.9,4,0,0,0
GH,189,2,A101,atra,16x,17935.8,1,0,0,0
GH,190,2,A101,atra,16x,17935.8,2,0,0,0
GH,191,2,A101,atra,16x,17935.8,3,0,0,0
GH,192,2,A101,atra,16x,17935.8,4,1,0.312,0.100734523
GH,193,2,A101,atra+P450,0x,0,1,1,2.466,1
GH,194,2,A101,atra+P450,0x,0,2,1,5.255,1
GH,195,2,A101,atra+P450,0x,0,3,1,3.169,1
GH,196,2,A101,atra+P450,0x,0,4,1,4.049,1
GH,197,2,A101,atra+P450,0.015x,17.52,1,1,2.967,0.794430685
GH,198,2,A101,atra+P450,0.015x,17.52,2,1,1.741,0.466162394
GH,199,2,A101,atra+P450,0.015x,17.52,3,1,1.869,0.500435103
GH,200,2,A101,atra+P450,0.015x,17.52,4,1,2.461,0.658946382
GH,201,2,A101,atra+P450,0.031x,35.03,1,1,2.84,0.760425731
GH,202,2,A101,atra+P450,0.031x,35.03,2,1,0.971,0.259990629
GH,203,2,A101,atra+P450,0.031x,35.03,3,1,2.277,0.609679363
GH,204,2,A101,atra+P450,0.031x,35.03,4,1,3.113,0.833522994
GH,205,2,A101,atra+P450,0.062x,70.06,1,1,1.668,0.446616239
GH,206,2,A101,atra+P450,0.062x,70.06,2,1,2.153,0.576477676
GH,207,2,A101,atra+P450,0.062x,70.06,3,1,1.22,0.326661758
GH,208,2,A101,atra+P450,0.062x,70.06,4,1,3.202,0.857353236
GH,209,2,A101,atra+P450,0.125x,140.12,1,1,2.707,0.724814245
GH,210,2,A101,atra+P450,0.125x,140.12,2,1,3.507,0.939018676
GH,211,2,A101,atra+P450,0.125x,140.12,3,1,0.295,0.078987884
GH,212,2,A101,atra+P450,0.125x,140.12,4,1,1.888,0.505522458
GH,213,2,A101,atra+P450,0.25x,280.25,1,1,2.095,0.560947855
GH,214,2,A101,atra+P450,0.25x,280.25,2,1,0.032,0.008568177
GH,215,2,A101,atra+P450,0.25x,280.25,3,1,3.617,0.968471785
GH,216,2,A101,atra+P450,0.25x,280.25,4,1,1.073,0.287301694
GH,217,2,A101,atra+P450,0.5x,560.49,1,1,1.882,0.503915925
GH,218,2,A101,atra+P450,0.5x,560.49,2,1,2.433,0.651449227
GH,219,2,A101,atra+P450,0.5x,560.49,3,1,0.562,0.150478613
GH,220,2,A101,atra+P450,0.5x,560.49,4,1,3.514,0.940892965
GH,221,2,A101,atra+P450,1x,1120.99,1,0,0,0
GH,222,2,A101,atra+P450,1x,1120.99,2,0,0,0
GH,223,2,A101,atra+P450,1x,1120.99,3,0,0,0
GH,224,2,A101,atra+P450,1x,1120.99,4,0,0,0
GH,225,2,A101,atra+P450,2x,2241.98,1,0,0,0
GH,226,2,A101,atra+P450,2x,2241.98,2,0,0,0
GH,227,2,A101,atra+P450,2x,2241.98,3,1,1.394,0.373251222
GH,228,2,A101,atra+P450,2x,2241.98,4,0,0,0
GH,229,2,A101,atra+P450,4x,4483.95,1,0,0,0
GH,230,2,A101,atra+P450,4x,4483.95,2,1,1.98,0.530155968
GH,231,2,A101,atra+P450,4x,4483.95,3,1,0.717,0.191980722
GH,232,2,A101,atra+P450,4x,4483.95,4,0,0,0
GH,233,2,A101,atra+P450,8x,8967.9,1,0,0,0
GH,234,2,A101,atra+P450,8x,8967.9,2,1,0.153,0.040966597
GH,235,2,A101,atra+P450,8x,8967.9,3,0,0,0
GH,236,2,A101,atra+P450,8x,8967.9,4,0,0,0
GH,237,2,A101,atra+P450,16x,17935.8,1,0,0,0
GH,238,2,A101,atra+P450,16x,17935.8,2,0,0,0
GH,239,2,A101,atra+P450,16x,17935.8,3,0,0,0
GH,240,2,A101,atra+P450,16x,17935.8,4,1,0.256,0.068545418
GH,241,2,A101,atra+GST,0x,0,1,1,3.068,1
GH,242,2,A101,atra+GST,0x,0,2,1,2.323,1
GH,243,2,A101,atra+GST,0x,0,3,1,2.507,1
GH,244,2,A101,atra+GST,0x,0,4,1,2.394,1
GH,245,2,A101,atra+GST,0.015x,17.52,1,1,2.992,1
GH,246,2,A101,atra+GST,0.015x,17.52,2,1,2.732,1
GH,247,2,A101,atra+GST,0.015x,17.52,3,1,3.788,1
GH,248,2,A101,atra+GST,0.015x,17.52,4,1,2.176,0.845705402
GH,249,2,A101,atra+GST,0.031x,35.03,1,1,2.906,1
GH,250,2,A101,atra+GST,0.031x,35.03,2,1,1.126,0.437621454
GH,251,2,A101,atra+GST,0.031x,35.03,3,1,2.844,1
GH,252,2,A101,atra+GST,0.031x,35.03,4,1,2.531,0.983676642
GH,253,2,A101,atra+GST,0.062x,70.06,1,1,2.029,0.788573649
GH,254,2,A101,atra+GST,0.062x,70.06,2,1,1.095,0.425573261
GH,255,2,A101,atra+GST,0.062x,70.06,3,1,3.321,1
GH,256,2,A101,atra+GST,0.062x,70.06,4,1,3.182,1
GH,257,2,A101,atra+GST,0.125x,140.12,1,1,3.862,1
GH,258,2,A101,atra+GST,0.125x,140.12,2,1,2.114,0.821609017
GH,259,2,A101,atra+GST,0.125x,140.12,3,1,1.239,0.481539059
GH,260,2,A101,atra+GST,0.125x,140.12,4,1,3.509,1
GH,261,2,A101,atra+GST,0.25x,280.25,1,1,2.038,0.792071512
GH,262,2,A101,atra+GST,0.25x,280.25,2,1,0.886,0.344345122
GH,263,2,A101,atra+GST,0.25x,280.25,3,1,0.054,0.020987175
GH,264,2,A101,atra+GST,0.25x,280.25,4,0,0,0
GH,265,2,A101,atra+GST,0.5x,560.49,1,1,2.833,1
GH,266,2,A101,atra+GST,0.5x,560.49,2,0,0,0
GH,267,2,A101,atra+GST,0.5x,560.49,3,0,0,0
GH,268,2,A101,atra+GST,0.5x,560.49,4,1,2.703,1
GH,269,2,A101,atra+GST,1x,1120.99,1,1,0.181,0.0703459
GH,270,2,A101,atra+GST,1x,1120.99,2,0,0,0
GH,271,2,A101,atra+GST,1x,1120.99,3,1,1.126,0.437621454
GH,272,2,A101,atra+GST,1x,1120.99,4,1,2.583,1
GH,273,2,A101,atra+GST,2x,2241.98,1,0,0,0
GH,274,2,A101,atra+GST,2x,2241.98,2,1,1.148,0.446171784
GH,275,2,A101,atra+GST,2x,2241.98,3,0,0,0
GH,276,2,A101,atra+GST,2x,2241.98,4,0,0,0
GH,277,2,A101,atra+GST,4x,4483.95,1,1,0.586,0.227749709
GH,278,2,A101,atra+GST,4x,4483.95,2,1,1.265,0.491643995
GH,279,2,A101,atra+GST,4x,4483.95,3,0,0,0
GH,280,2,A101,atra+GST,4x,4483.95,4,0,0,0
GH,281,2,A101,atra+GST,8x,8967.9,1,0,0,0
GH,282,2,A101,atra+GST,8x,8967.9,2,1,0.113,0.043917606
GH,283,2,A101,atra+GST,8x,8967.9,3,0,0,0
GH,284,2,A101,atra+GST,8x,8967.9,4,0,0,0
GH,285,2,A101,atra+GST,16x,17935.8,1,0,0,0
GH,286,2,A101,atra+GST,16x,17935.8,2,0,0,0
GH,287,2,A101,atra+GST,16x,17935.8,3,0,0,0
GH,288,2,A101,atra+GST,16x,17935.8,4,0,0,0
GH,289,2,A103,atra,0x,0,1,1,2.962,1
GH,290,2,A103,atra,0x,0,2,1,4.508,1
GH,291,2,A103,atra,0x,0,3,1,3.989,1
GH,292,2,A103,atra,0x,0,4,1,4.174,1
GH,293,2,A103,atra,0.015x,17.52,1,1,3.234,0.82748033
GH,294,2,A103,atra,0.015x,17.52,2,1,2.873,0.735111623
GH,295,2,A103,atra,0.015x,17.52,3,1,3.919,1
GH,296,2,A103,atra,0.015x,17.52,4,1,3.289,0.841553125
GH,297,2,A103,atra,0.031x,35.03,1,1,3.637,0.930595535
GH,298,2,A103,atra,0.031x,35.03,2,1,3.188,0.815710356
GH,299,2,A103,atra,0.031x,35.03,3,1,4.418,1
GH,300,2,A103,atra,0.031x,35.03,4,1,3.618,0.925734024
GH,301,2,A103,atra,0.062x,70.06,1,1,4.746,1
GH,302,2,A103,atra,0.062x,70.06,2,1,3.25,0.831574234
GH,303,2,A103,atra,0.062x,70.06,3,1,3.596,0.920104906
GH,304,2,A103,atra,0.062x,70.06,4,1,3.28,0.839250304
GH,305,2,A103,atra,0.125x,140.12,1,1,3.244,0.83003902
GH,306,2,A103,atra,0.125x,140.12,2,1,2.211,0.565726348
GH,307,2,A103,atra,0.125x,140.12,3,1,4.042,1
GH,308,2,A103,atra,0.125x,140.12,4,1,3.359,0.859463954
GH,309,2,A103,atra,0.25x,280.25,1,1,3.631,0.929060321
GH,310,2,A103,atra,0.25x,280.25,2,1,3.459,0.885050854
GH,311,2,A103,atra,0.25x,280.25,3,1,4.167,1
GH,312,2,A103,atra,0.25x,280.25,4,1,2.101,0.537580759
GH,313,2,A103,atra,0.5x,560.49,1,1,0.898,0.229770358
GH,314,2,A103,atra,0.5x,560.49,2,0,0,0
GH,315,2,A103,atra,0.5x,560.49,3,1,3.561,0.911149491
GH,316,2,A103,atra,0.5x,560.49,4,1,4.266,1
GH,317,2,A103,atra,1x,1120.99,1,1,2.511,0.642487047
GH,318,2,A103,atra,1x,1120.99,2,1,2.391,0.611782767
GH,319,2,A103,atra,1x,1120.99,3,1,3.07,0.785517815
GH,320,2,A103,atra,1x,1120.99,4,1,1.394,0.356681379
GH,321,2,A103,atra,2x,2241.98,1,1,1.306,0.334164908
GH,322,2,A103,atra,2x,2241.98,2,1,0.354,0.090577624
GH,323,2,A103,atra,2x,2241.98,3,1,2.27,0.580822619
GH,324,2,A103,atra,2x,2241.98,4,1,2.265,0.579543274
GH,325,2,A103,atra,4x,4483.95,1,1,0.119,0.03044841
GH,326,2,A103,atra,4x,4483.95,2,1,1.969,0.503806051
GH,327,2,A103,atra,4x,4483.95,3,1,2.148,0.549606601
GH,328,2,A103,atra,4x,4483.95,4,1,1.754,0.448794217
GH,329,2,A103,atra,8x,8967.9,1,1,0.926,0.236934689
GH,330,2,A103,atra,8x,8967.9,2,0,0,0
GH,331,2,A103,atra,8x,8967.9,3,1,0.452,0.115652786
GH,332,2,A103,atra,8x,8967.9,4,1,1.143,0.292458261
GH,333,2,A103,atra,16x,17935.8,1,0,0,0
GH,334,2,A103,atra,16x,17935.8,2,0,0,0
GH,335,2,A103,atra,16x,17935.8,3,1,0.978,0.250239877
GH,336,2,A103,atra,16x,17935.8,4,1,0.259,0.06627007
GH,337,2,A103,atra+P450,0x,0,1,1,2.793,1
GH,338,2,A103,atra+P450,0x,0,2,1,5.337,1
GH,339,2,A103,atra+P450,0x,0,3,1,3.481,1
GH,340,2,A103,atra+P450,0x,0,4,1,3.742,1
GH,341,2,A103,atra+P450,0.015x,17.52,1,1,3.513,0.915260861
GH,342,2,A103,atra+P450,0.015x,17.52,2,1,3.731,0.972057578
GH,343,2,A103,atra+P450,0.015x,17.52,3,1,2.663,0.693805771
GH,344,2,A103,atra+P450,0.015x,17.52,4,1,3.019,0.786556373
GH,345,2,A103,atra+P450,0.031x,35.03,1,1,4.549,1
GH,346,2,A103,atra+P450,0.031x,35.03,2,1,4.304,1
GH,347,2,A103,atra+P450,0.031x,35.03,3,1,3.303,0.860548427
GH,348,2,A103,atra+P450,0.031x,35.03,4,1,2.506,0.652901713
GH,349,2,A103,atra+P450,0.062x,70.06,1,1,2.516,0.655507067
GH,350,2,A103,atra+P450,0.062x,70.06,2,1,2.656,0.691982023
GH,351,2,A103,atra+P450,0.062x,70.06,3,1,3.002,0.782127272
GH,352,2,A103,atra+P450,0.062x,70.06,4,1,2.839,0.739660001
GH,353,2,A103,atra+P450,0.125x,140.12,1,1,3.252,0.847261122
GH,354,2,A103,atra+P450,0.125x,140.12,2,1,2.823,0.735491435
GH,355,2,A103,atra+P450,0.125x,140.12,3,1,5.207,1
GH,356,2,A103,atra+P450,0.125x,140.12,4,1,2.973,0.774571745
GH,357,2,A103,atra+P450,0.25x,280.25,1,1,1.238,0.322542826
GH,358,2,A103,atra+P450,0.25x,280.25,2,1,2.946,0.767537289
GH,359,2,A103,atra+P450,0.25x,280.25,3,1,2.003,0.521852407
GH,360,2,A103,atra+P450,0.25x,280.25,4,1,2.701,0.703706116
GH,361,2,A103,atra+P450,0.5x,560.49,1,1,2.523,0.657330815
GH,362,2,A103,atra+P450,0.5x,560.49,2,0,0,0
GH,363,2,A103,atra+P450,0.5x,560.49,3,0,0,0
GH,364,2,A103,atra+P450,0.5x,560.49,4,1,2.588,0.674265616
GH,365,2,A103,atra+P450,1x,1120.99,1,1,0.084,0.021884974
GH,366,2,A103,atra+P450,1x,1120.99,2,1,2.915,0.759460692
GH,367,2,A103,atra+P450,1x,1120.99,3,1,3.204,0.834755422
GH,368,2,A103,atra+P450,1x,1120.99,4,1,2.328,0.606526412
GH,369,2,A103,atra+P450,2x,2241.98,1,0,0,0
GH,370,2,A103,atra+P450,2x,2241.98,2,1,0.914,0.238129356
GH,371,2,A103,atra+P450,2x,2241.98,3,1,1.664,0.433530906
GH,372,2,A103,atra+P450,2x,2241.98,4,0,0,0
GH,373,2,A103,atra+P450,4x,4483.95,1,0,0,0
GH,374,2,A103,atra+P450,4x,4483.95,2,1,0.969,0.252458803
GH,375,2,A103,atra+P450,4x,4483.95,3,1,0.194,0.050543868
GH,376,2,A103,atra+P450,4x,4483.95,4,1,0.767,0.199830652
GH,377,2,A103,atra+P450,8x,8967.9,1,0,0,0
GH,378,2,A103,atra+P450,8x,8967.9,2,0,0,0
GH,379,2,A103,atra+P450,8x,8967.9,3,1,0.477,0.124275386
GH,380,2,A103,atra+P450,8x,8967.9,4,0,0,0
GH,381,2,A103,atra+P450,16x,17935.8,1,1,0.726,0.189148701
GH,382,2,A103,atra+P450,16x,17935.8,2,0,0,0
GH,383,2,A103,atra+P450,16x,17935.8,3,1,0.594,0.154758028
GH,384,2,A103,atra+P450,16x,17935.8,4,1,1.409,0.367094379
GH,385,2,A103,atra+GST,0x,0,1,1,4.599,1
GH,386,2,A103,atra+GST,0x,0,2,1,3.523,1
GH,387,2,A103,atra+GST,0x,0,3,1,3.379,1
GH,388,2,A103,atra+GST,0x,0,4,1,2.788,1
GH,389,2,A103,atra+GST,0.015x,17.52,1,1,4.443,1
GH,390,2,A103,atra+GST,0.015x,17.52,2,1,4.22,1
GH,391,2,A103,atra+GST,0.015x,17.52,3,1,5.006,1
GH,392,2,A103,atra+GST,0.015x,17.52,4,1,4.097,1
GH,393,2,A103,atra+GST,0.031x,35.03,1,1,4.437,1
GH,394,2,A103,atra+GST,0.031x,35.03,2,1,3.519,0.985093429
GH,395,2,A103,atra+GST,0.031x,35.03,3,1,2.922,0.817971866
GH,396,2,A103,atra+GST,0.031x,35.03,4,1,4.063,1
GH,397,2,A103,atra+GST,0.062x,70.06,1,1,3.775,1
GH,398,2,A103,atra+GST,0.062x,70.06,2,1,3.949,1
GH,399,2,A103,atra+GST,0.062x,70.06,3,1,5.075,1
GH,400,2,A103,atra+GST,0.062x,70.06,4,1,3.483,0.975015746
GH,401,2,A103,atra+GST,0.125x,140.12,1,1,2.851,0.798096438
GH,402,2,A103,atra+GST,0.125x,140.12,2,1,3.658,1
GH,403,2,A103,atra+GST,0.125x,140.12,3,1,3.93,1
GH,404,2,A103,atra+GST,0.125x,140.12,4,1,3.617,1
GH,405,2,A103,atra+GST,0.25x,280.25,1,1,1.562,0.43725943
GH,406,2,A103,atra+GST,0.25x,280.25,2,1,3.658,1
GH,407,2,A103,atra+GST,0.25x,280.25,3,1,5.387,1
GH,408,2,A103,atra+GST,0.25x,280.25,4,1,2.525,0.706837427
GH,409,2,A103,atra+GST,0.5x,560.49,1,1,2.525,0.706837427
GH,410,2,A103,atra+GST,0.5x,560.49,2,1,2.516,0.704318007
GH,411,2,A103,atra+GST,0.5x,560.49,3,1,3.131,0.87647841
GH,412,2,A103,atra+GST,0.5x,560.49,4,1,3.417,0.956539996
GH,413,2,A103,atra+GST,1x,1120.99,1,1,2.063,0.577507173
GH,414,2,A103,atra+GST,1x,1120.99,2,1,1.783,0.499125201
GH,415,2,A103,atra+GST,1x,1120.99,3,1,1.193,0.333963188
GH,416,2,A103,atra+GST,1x,1120.99,4,1,2.985,0.83560781
GH,417,2,A103,atra+GST,2x,2241.98,1,1,0.138,0.038631115
GH,418,2,A103,atra+GST,2x,2241.98,2,1,0.145,0.040590664
GH,419,2,A103,atra+GST,2x,2241.98,3,0,0,0
GH,420,2,A103,atra+GST,2x,2241.98,4,1,2.813,0.787458884
GH,421,2,A103,atra+GST,4x,4483.95,1,0,0,0
GH,422,2,A103,atra+GST,4x,4483.95,2,1,0.224,0.062705578
GH,423,2,A103,atra+GST,4x,4483.95,3,1,1.021,0.285814263
GH,424,2,A103,atra+GST,4x,4483.95,4,1,2.374,0.66456715
GH,425,2,A103,atra+GST,8x,8967.9,1,1,1.416,0.396388831
GH,426,2,A103,atra+GST,8x,8967.9,2,0,0,0
GH,427,2,A103,atra+GST,8x,8967.9,3,1,1.184,0.331443768
GH,428,2,A103,atra+GST,8x,8967.9,4,1,2.163,0.605500735
GH,429,2,A103,atra+GST,16x,17935.8,1,0,0,0
GH,430,2,A103,atra+GST,16x,17935.8,2,0,0,0
GH,431,2,A103,atra+GST,16x,17935.8,3,0,0,0
GH,432,2,A103,atra+GST,16x,17935.8,4,0,0,0
GH,433,2,A75,atra,0x,0,1,1,1.864,1
GH,434,2,A75,atra,0x,0,2,1,3.067,1
GH,435,2,A75,atra,0x,0,3,1,2.361,1
GH,436,2,A75,atra,0x,0,4,1,3.032,1
GH,437,2,A75,atra,0.015x,17.52,1,1,2.894,1
GH,438,2,A75,atra,0.015x,17.52,2,1,2.999,1
GH,439,2,A75,atra,0.015x,17.52,3,1,3.702,1
GH,440,2,A75,atra,0.015x,17.52,4,1,2.311,0.895389384
GH,441,2,A75,atra,0.031x,35.03,1,1,2.105,0.815575358
GH,442,2,A75,atra,0.031x,35.03,2,1,3.448,1
GH,443,2,A75,atra,0.031x,35.03,3,1,2.169,0.840371949
GH,444,2,A75,atra,0.031x,35.03,4,1,1.162,0.450213096
GH,445,2,A75,atra,0.062x,70.06,1,1,1.193,0.462223944
GH,446,2,A75,atra,0.062x,70.06,2,1,4.004,1
GH,447,2,A75,atra,0.062x,70.06,3,1,2.353,0.911662146
GH,448,2,A75,atra,0.062x,70.06,4,1,2.543,0.985277024
GH,449,2,A75,atra,0.125x,140.12,1,1,0.789,0.305695467
GH,450,2,A75,atra,0.125x,140.12,2,1,0.273,0.105772956
GH,451,2,A75,atra,0.125x,140.12,3,1,0.697,0.270050368
GH,452,2,A75,atra,0.125x,140.12,4,1,2.825,1
GH,453,2,A75,atra,0.25x,280.25,1,0,0,0
GH,454,2,A75,atra,0.25x,280.25,2,1,2.375,0.920185974
GH,455,2,A75,atra,0.25x,280.25,3,1,0.456,0.176675707
GH,456,2,A75,atra,0.25x,280.25,4,1,1.624,0.629213483
GH,457,2,A75,atra,0.5x,560.49,1,1,4.115,1
GH,458,2,A75,atra,0.5x,560.49,2,1,1.761,0.682293685
GH,459,2,A75,atra,0.5x,560.49,3,0,0,0
GH,460,2,A75,atra,0.5x,560.49,4,1,2.849,1
GH,461,2,A75,atra,1x,1120.99,1,1,2.599,1
GH,462,2,A75,atra,1x,1120.99,2,0,0,0
GH,463,2,A75,atra,1x,1120.99,3,0,0,0
GH,464,2,A75,atra,1x,1120.99,4,1,1.988,0.770244091
GH,465,2,A75,atra,2x,2241.98,1,0,0,0
GH,466,2,A75,atra,2x,2241.98,2,0,0,0
GH,467,2,A75,atra,2x,2241.98,3,1,0.414,0.160402945
GH,468,2,A75,atra,2x,2241.98,4,1,0.828,0.320805889
GH,469,2,A75,atra,4x,4483.95,1,1,0.242,0.093762108
GH,470,2,A75,atra,4x,4483.95,2,0,0,0
GH,471,2,A75,atra,4x,4483.95,3,0,0,0
GH,472,2,A75,atra,4x,4483.95,4,1,3.554,1
GH,473,2,A75,atra,8x,8967.9,1,0,0,0
GH,474,2,A75,atra,8x,8967.9,2,1,0.394,0.15265401
GH,475,2,A75,atra,8x,8967.9,3,1,2.113,0.818674932
GH,476,2,A75,atra,8x,8967.9,4,0,0,0
GH,477,2,A75,atra,16x,17935.8,1,0,0,0
GH,478,2,A75,atra,16x,17935.8,2,0,0,0
GH,479,2,A75,atra,16x,17935.8,3,0,0,0
GH,480,2,A75,atra,16x,17935.8,4,0,0,0
GH,481,2,A75,atra+P450,0x,0,1,1,3.763,1
GH,482,2,A75,atra+P450,0x,0,2,1,2.06,1
GH,483,2,A75,atra+P450,0x,0,3,1,2.513,1
GH,484,2,A75,atra+P450,0x,0,4,1,2.544,1
GH,485,2,A75,atra+P450,0.015x,17.52,1,1,2.002,0.736029412
GH,486,2,A75,atra+P450,0.015x,17.52,2,1,1.864,0.685294118
GH,487,2,A75,atra+P450,0.015x,17.52,3,1,3.37,1
GH,488,2,A75,atra+P450,0.015x,17.52,4,1,3.386,1
GH,489,2,A75,atra+P450,0.031x,35.03,1,1,2.769,1
GH,490,2,A75,atra+P450,0.031x,35.03,2,1,2.517,0.925367647
GH,491,2,A75,atra+P450,0.031x,35.03,3,1,3.338,1
GH,492,2,A75,atra+P450,0.031x,35.03,4,1,3.207,1
GH,493,2,A75,atra+P450,0.062x,70.06,1,1,3.024,1
GH,494,2,A75,atra+P450,0.062x,70.06,2,1,1.471,0.540808824
GH,495,2,A75,atra+P450,0.062x,70.06,3,1,2.56,0.941176471
GH,496,2,A75,atra+P450,0.062x,70.06,4,1,1.897,0.697426471
GH,497,2,A75,atra+P450,0.125x,140.12,1,1,1.053,0.387132353
GH,498,2,A75,atra+P450,0.125x,140.12,2,1,0.789,0.290073529
GH,499,2,A75,atra+P450,0.125x,140.12,3,1,2.259,0.830514706
GH,500,2,A75,atra+P450,0.125x,140.12,4,1,3.696,1
GH,501,2,A75,atra+P450,0.25x,280.25,1,1,1.376,0.505882353
GH,502,2,A75,atra+P450,0.25x,280.25,2,1,2.989,1
GH,503,2,A75,atra+P450,0.25x,280.25,3,1,0.703,0.258455882
GH,504,2,A75,atra+P450,0.25x,280.25,4,1,2.739,1
GH,505,2,A75,atra+P450,0.5x,560.49,1,1,1.878,0.690441176
GH,506,2,A75,atra+P450,0.5x,560.49,2,0,0,0
GH,507,2,A75,atra+P450,0.5x,560.49,3,1,0.681,0.250367647
GH,508,2,A75,atra+P450,0.5x,560.49,4,0,0,0
GH,509,2,A75,atra+P450,1x,1120.99,1,0,0,0
GH,510,2,A75,atra+P450,1x,1120.99,2,1,1.982,0.728676471
GH,511,2,A75,atra+P450,1x,1120.99,3,0,0,0
GH,512,2,A75,atra+P450,1x,1120.99,4,1,1.533,0.563602941
GH,513,2,A75,atra+P450,2x,2241.98,1,0,0,0
GH,514,2,A75,atra+P450,2x,2241.98,2,0,0,0
GH,515,2,A75,atra+P450,2x,2241.98,3,0,0,0
GH,516,2,A75,atra+P450,2x,2241.98,4,0,0,0
GH,517,2,A75,atra+P450,4x,4483.95,1,1,0.412,0.151470588
GH,518,2,A75,atra+P450,4x,4483.95,2,0,0,0
GH,519,2,A75,atra+P450,4x,4483.95,3,1,0.901,0.33125
GH,520,2,A75,atra+P450,4x,4483.95,4,1,1.167,0.429044118
GH,521,2,A75,atra+P450,8x,8967.9,1,0,0,0
GH,522,2,A75,atra+P450,8x,8967.9,2,0,0,0
GH,523,2,A75,atra+P450,8x,8967.9,3,0,0,0
GH,524,2,A75,atra+P450,8x,8967.9,4,1,0.504,0.185294118
GH,525,2,A75,atra+P450,16x,17935.8,1,0,0,0
GH,526,2,A75,atra+P450,16x,17935.8,2,1,0.604,0.222058824
GH,527,2,A75,atra+P450,16x,17935.8,3,0,0,0
GH,528,2,A75,atra+P450,16x,17935.8,4,0,0,0
GH,529,2,A75,atra+GST,0x,0,1,1,2.386,1
GH,530,2,A75,atra+GST,0x,0,2,1,2.619,1
GH,531,2,A75,atra+GST,0x,0,3,1,3.484,1
GH,532,2,A75,atra+GST,0x,0,4,1,2.387,1
GH,533,2,A75,atra+GST,0.015x,17.52,1,1,2.515,0.924972416
GH,534,2,A75,atra+GST,0.015x,17.52,2,1,2.061,0.757999264
GH,535,2,A75,atra+GST,0.015x,17.52,3,1,5.086,1
GH,536,2,A75,atra+GST,0.015x,17.52,4,1,3.814,1
GH,537,2,A75,atra+GST,0.031x,35.03,1,1,2.346,0.862817212
GH,538,2,A75,atra+GST,0.031x,35.03,2,1,2.854,1
GH,539,2,A75,atra+GST,0.031x,35.03,3,1,1.695,0.623390953
GH,540,2,A75,atra+GST,0.031x,35.03,4,1,2.783,1
GH,541,2,A75,atra+GST,0.062x,70.06,1,1,3.028,1
GH,542,2,A75,atra+GST,0.062x,70.06,2,1,3.381,1
GH,543,2,A75,atra+GST,0.062x,70.06,3,1,2.528,0.929753586
GH,544,2,A75,atra+GST,0.062x,70.06,4,1,3.141,1
GH,545,2,A75,atra+GST,0.125x,140.12,1,1,0.585,0.21515263
GH,546,2,A75,atra+GST,0.125x,140.12,2,1,0.954,0.350864288
GH,547,2,A75,atra+GST,0.125x,140.12,3,1,3.088,1
GH,548,2,A75,atra+GST,0.125x,140.12,4,1,2.07,0.761309305
GH,549,2,A75,atra+GST,0.25x,280.25,1,1,0.607,0.22324384
GH,550,2,A75,atra+GST,0.25x,280.25,2,1,3.708,1
GH,551,2,A75,atra+GST,0.25x,280.25,3,1,1.235,0.454211107
GH,552,2,A75,atra+GST,0.25x,280.25,4,1,2.612,0.960647297
GH,553,2,A75,atra+GST,0.5x,560.49,1,0,0,0
GH,554,2,A75,atra+GST,0.5x,560.49,2,0,0,0
GH,555,2,A75,atra+GST,0.5x,560.49,3,1,3.903,1
GH,556,2,A75,atra+GST,0.5x,560.49,4,1,2.839,1
GH,557,2,A75,atra+GST,1x,1120.99,1,1,1.351,0.496873851
GH,558,2,A75,atra+GST,1x,1120.99,2,0,0,0
GH,559,2,A75,atra+GST,1x,1120.99,3,1,0.345,0.126884884
GH,560,2,A75,atra+GST,1x,1120.99,4,0,0,0
GH,561,2,A75,atra+GST,2x,2241.98,1,1,2.724,1
GH,562,2,A75,atra+GST,2x,2241.98,2,1,0.106,0.038984921
GH,563,2,A75,atra+GST,2x,2241.98,3,0,0,0
GH,564,2,A75,atra+GST,2x,2241.98,4,0,0,0
GH,565,2,A75,atra+GST,4x,4483.95,1,0,0,0
GH,566,2,A75,atra+GST,4x,4483.95,2,0,0,0
GH,567,2,A75,atra+GST,4x,4483.95,3,0,0,0
GH,568,2,A75,atra+GST,4x,4483.95,4,1,0.008,0.002942258
GH,569,2,A75,atra+GST,8x,8967.9,1,1,0.459,0.168812063
GH,570,2,A75,atra+GST,8x,8967.9,2,0,0,0
GH,571,2,A75,atra+GST,8x,8967.9,3,0,0,0
GH,572,2,A75,atra+GST,8x,8967.9,4,0,0,0
GH,573,2,A75,atra+GST,16x,17935.8,1,0,0,0
GH,574,2,A75,atra+GST,16x,17935.8,2,1,0.532,0.195660169
GH,575,2,A75,atra+GST,16x,17935.8,3,0,0,0
GH,576,2,A75,atra+GST,16x,17935.8,4,0,0,0
